{
    "Skill": [
        {
            "Color": "red",
            "Name": "Angular",
            "Id": 1,
            "AssociateCount": 8,
            "Width": 2
        },
        {
            "Color": "pink",
            "Name": "ReactJS",
            "Id": 2,
            "AssociateCount": 8,
            "Width": 3
        },
        {
            "Color": "black",
            "Name": ".Net Web API",
            "Id": 3,
            "AssociateCount": 8,
            "Width": 5
        },
        {
            "Color": "blue",
            "Name": ".Net MVC",
            "Id": 4,
            "AssociateCount": 8,
            "Width": 7
        },
        {
            "Color": "green",
            "Name": "SQL Server",
            "Id": 5,
            "AssociateCount": 8,
            "Width": 9
        },
        {
            "Color": "orange",
            "Name": "Docker",
            "Id": 6,
            "AssociateCount": 8,
            "Width": 11
        },
        {
            "Color": "cyan",
            "Name": "Djang",
            "Id": 7,
            "AssociateCount": 8,
            "Width": 13
        },
        {
            "Color": "brown",
            "Name": "Python",
            "Id": 8,
            "AssociateCount": 8,
            "Width": 14
        },
        {
            "Color": "red",
            "Name": "Aurelia",
            "Id": 1002,
            "AssociateCount": 4,
            "Width": 16
        },
        {
            "Color": "pink",
            "Name": "Vue.Js",
            "Id": 1003,
            "AssociateCount": 3,
            "Width": 16
        }
    ],
    "TotalAssociate": 8,
    "Level1": 38,
    "Level2": 50,
    "Level3": 12,
    "RatedAssociates": 100
}